Rank,MentorID,Name,Domain,ProgressScore,ResponsivenessScore,EngagementScore,FeedbackScore,FinalScore_M
1,M005,Eva Nair,ML,0.89,0.8899,1.0,0.6,0.85948
2,M002,Bob Mehta,Web,0.6233333333333334,0.7286,0.57,0.64175,0.6347366666666667
3,M001,Alice Sharma,ML,0.6900000000000001,0.8052,0.21,0.68325,0.59169
4,M003,Carol Singh,CP,0.58,0.4419,0.09,0.6,0.43388
5,M004,Dev Patel,Systems,0.4,0.6065,0.0,0.5875,0.37879999999999997
